enfermedad ,signo o sintoma,signo o sintoma,signo o sintoma,signo o sintoma,signo o sintoma,signo o sintoma,signo o sintoma,signo o sintoma,signo o sintoma,signo o sintoma,signo o sintoma,signo o sintoma,signo o sintoma,signo o sintoma,signo o sintoma,signo o sintoma,,,,
aborto ( amenaza/aborto completo /aborto en evolucion),¿esta embarazada ?,¿tiene menos de 20 semanas de gestacion?,¿tiene sangrado por la vagina ?,¿tiene dolor en el abdomen bajo?,¿expulsó cuagulos ?,,,,,,,,,,,,,,,
Absceso dental,¿tiene dolor en el diente?,¿el dolor va en aumento ?,"¿el dolor se extiende a la mejilla ,cuello u oido ?",¿tiene fiebre? ,¿tiene dificultad para tragar?,,,,,,,,,,,,,,,
angina de ludwing ,¿tiene dolor en el diente?,¿el dolor va en aumento ?,"¿el dolor se extiende a la mejilla ,cuello u oido ?",¿tiene fiebre? ,¿tiene dificultad para tragar?,¿tiene aunento de volumen del cuello?,,,,,,,,,,,,,,
evento vascular cerebral,¿tiene dolor de cabeza severo?,¿el dolor va en aumento ?,¿el dolor fue repentino?,¿tiene debilidad de la mitad de su cuerpo ?,¿no puede mover la mitad del rostro ?,¿esta confundico?,¿ve mal con uno o ambos ojos ?,¿tiene mareo?,,,,,,,,,,,,
,,,,,,,,,,,,,,,,,,,,
Alergia alimentaria,despues de ingerir un  alimento presento,¿tiene hinchazon?,¿tiene dificultad para respirar leve ?,¿tiene dificultad para tragar?,¿tiene comezón en el cuerpo?,¿tiene sarpullido?,,,,,,,,,,,,,enfermedades  que no ponen en riesgo la vida del paciente ,tratamiento desde la app
Anafilaxia,¿tiene hinchazon?,¿tiene dificultad para respirar severa?,¿tiene dificultad para tragar?,¿tiene comezon en el cuerpo ?,¿tiene sarpullido?,¿tiene dolor abdominal?,¿tiene palpitaciones ?,¿tiene mareo?,,,,,,,,,,,enfermedades que ponen en riesgo la vida del paciente  urgencias ,tratamiento inicial desde la app y consultar un profesional
Anemia ,¿tiene cansancio?,¿tiene debilidad?,¿tiene falta de energia?,¿tiene dificultad para concentrarse?,¿tiene palidez en los labios o encias?,,,,,,,,,,,,,,enfermedades que ponen en riesgo la vida del paciente emergencias,emergencia traslado a hospital  ( valorar tx inicial para no modificar la enfermedad)
Angina de pecho inestable,¿siente presion en el pecho?,¿siente dificultad para respirar grave?,"¿tiene dolor en el brazo izquierdo ,mandibula o espalda?",¿esta sudando frio?,¿siente dolor en el pecho?,,,,,,,,,,,,,,,
Apendicitis aguda,¿siente dolor en el abdomen?,¿el dolor se encuentra en la parte inferior derecha del abdomen?,¿el dolor se corre hacia la espalda ?,¿tiene fiebre?,¿siente su abdomen duro?,¿tiene hambre?,,,,,,,,,,,,,enfermedades que no ponen en riesgo la vida a corto plazo ,envio a especialidad y tx adyudante desde la app 
Apnea obstructiva del sueño,¿se despierta a medio sueño repentinamente?,¿tiene cansancio?,¿tiene sueño en el día?,¿tiene dolor de cabeza?,,,,,,,,,,,,,,,,
Artritis idiopática juvenil,¿inflamacion en las articulaciones?,¿tiene dolor en las articulaciones?,¿tiene rigidez en la articulacion?,¿tiene sarpullido en la piel?,¿tiene mas de dos semanas con sintomas?,¿tiene fiebre?,¿tiene los ojos rojos?,¿tiene aumento de la temperatura de la articulacion,,,,,,,,,,,,
Artritis reactiva,¿inflamacion en las articulaciones?,¿tiene dolor en las articulaciones?,¿tiene rigidez en la articulacion?,¿tiene sarpullido en la piel?,¿qué tiempo tiene  con los sintomas?,¿tiene fiebre?,¿tiene los ojos rojos?,¿los sintomas aparecieron despues de una infeccion?,¿tiene aumento de la temperatura de la articulacion,,,,,,,,,,,
Artritis reumatoidea,¿inflamacion en las articulaciones?,¿tiene dolor en las articulaciones?,¿tiene rigidez en la articulacion?,¿tiene sarpullido en la piel?,¿tiene mas de 6 semanas con sintomas?,¿tiene fiebre?,¿tiene los ojos rojos?,¿los sintomas han empeorado?,¿la inflamacion es en articulacion derecha e izquierda?,¿tiene mas de 3 articulaciones afectadas?,¿al despertarse siente rigidez en las articulaciones que desaparece?,¿tiene aumento de la temperatura de la articulacion,,,,,,,,
Asma,¿tiene dificultad para respirar?,¿al respirar suena un silvido?,¿tiene tos?,¿opresion en el pecho?,¿cuánto tiempo tiene con los sintomas?,,,,,,,,,,,,,,,
,,,,,,,,,,,,,,,,,,,,
,,,,,,,,,,,,,,,,,,,,
,,,,,,,,,,,,,,,,,,,,
Ataque de gota agudo,¿siente dolor fuerte en la articulacion?,¿es de aparicion espontanea?,¿cuánto tiempo tiene de inicio de los sintomas?,¿tiene enrojecimiento de la articulacion?,¿tiene rigidez?,¿tiene aumento de la temperatura de la articulacion,¿el ataque inicio despues a comer carnes?,,,,,,,,,,,,,
,,,,,,,,,,,,,,,,,,,,
,,,,,,,,,,,,,,,,,,,,
Bronquitis aguda,¿tiene tos?,¿esta expulsando flemas?,¿el color es verde o amarilla?,¿al respirar suena un silvido?,¿tiene fiebre?,¿tiene dolor en el pecho?,¿tiene menos de 3 semanas con sintomas?,¿tiene dificultad para respirar?,,,,,,,,,,,,
Bronquitis crónica,¿tiene tos?,¿esta expulsando flemas?,¿el color es verde o amarilla?,¿al respirar suena un silvido?,¿tiene fiebre?,¿tiene dolor en el pecho?,¿tiene mas de 3 semanas con sintomas?,¿tiene dificultad para respirar?,,,,,,,,,,,,
Cáncer colon,¿tiene perdida de peso inexplicable?,¿tiene fiebre?,¿tiene cansancio ?,¿tiene sangre  en las heces?,¿tiene dolor abdominal?,¿ha tenido cambios en sus habidos de defecacion?,,,,,,,,,,,,,,
,,,,,,,,,,,,,,,,,,,,
Cáncer de cuello uterino,¿tiene perdida de peso inexplicable?,¿tiene fiebre?,¿tiene cansancio ?,¿tiene sangrado transvaginal intermenstrual?,¿tiene salida de liquido transvaginal?,¿tiene dolor al mantener relaciones sexuales?,¿tiene sangrado despues del coito?,,,,,,,,,,,,,
Cáncer de endometrio,¿tiene perdida de peso inexplicable?,¿tiene fiebre?,¿tiene cansancio ?,¿tiene sangrado transvaginal?,¿tiene dolor en la parte baja del abdomen?,¿tiene sangrado transvaginal intermenstrual?,,,,,,,,,,,,,,
Cáncer de estómago,¿tiene perdida de peso inexplicable?,¿tiene fiebre?,¿tiene cansancio ?,¿tiene dolor de estomago?,¿tiene acidez?,¿tiene nauseas ?,¿sus heces son de color café o negra?,¿tiene sensacion de llenarse rapido cuando come?,,,,,,,,,,,,
Cáncer de mama,¿tiene perdida de peso inexplicable?,¿tiene fiebre?,¿tiene cansancio ?,¿tiene un sangrado a travez del pezon?,¿tiene un bulto en la mama?,¿tiene bultos en la axila?,¿la mama tiene una sensasion caliente?,¿tiene piel de naranja?,¿tiene cambios en el pezon?,,,,,,,,,,,
Cáncer de próstata,¿tiene perdida de peso inexplicable?,¿tiene fiebre?,¿tiene cansancio ?,¿diene dificultad para orinar?,¿se moja los pies cuando orina?,¿ha tenido retencion urinaria alguna vez?,¿tiene hiperplasia prostatica?,¿tiene sangre en la orina?,,,,,,,,,,,,
Cáncer de vejiga,¿tiene perdida de peso inexplicable?,¿tiene fiebre?,¿tiene cansancio ?,¿tiene sangre en la orina?,¿tiene dolor al orinar?,¿orina muchas veces en el día?,¿tiene dolor en la parte baja del abdomen?,,,,,,,,,,,,,
Cáncer de ovario,¿tiene perdida de peso inexplicable?,¿tiene fiebre?,¿tiene cansancio ?,¿sangra despues de tener relaciones sexuales?,¿sangrado trasvaginal despues de menopausia?,¿aumento su bello facial?,¿siente engrosamiento de la voz?,,,,,,,,,,,,,
Cáncer esofágico,¿tiene perdida de peso inexplicable?,¿tiene fiebre?,¿tiene cansancio ?,¿tiene reflujo?,¿tiene acidez?,¿tiene tos?,¿tiene ronquera?,¿ha vomitado sangre?,¿sufre de gastritis?,,,,,,,,,,,
"Cáncer laríngeo,",¿tiene perdida de peso inexplicable?,¿tiene fiebre?,¿tiene cansancio ?,¿tiene ronquera?,¿tiene tos persistente?,¿tiene dificultad para tragar?,¿fuma?,¿tiene mal aliento?,,,,,,,,,,,,
Cáncer orofaríngeo,¿tiene perdida de peso inexplicable?,¿tiene fiebre?,¿tiene cansancio ?,¿tiene ronquera?,¿tiene tos persistente?,¿tiene dificultad para tragar?,¿fuma?,¿tiene mal aliento?,,,,,,,,,,,,
Cáncer pancreático,¿tiene perdida de peso inexplicable?,¿tiene fiebre?,¿tiene cansancio ?,¿tiene dolor abdominal?,¿tiene nauseas?,¿tiene perdida del apetito?,¿su piel se ha vuelto amarilla?,¿sus heces tienen color blanco?,¿tiene niveles de glucosa alterados?,,,,,,,,,,,
Cáncer pulmonar,¿tiene perdida de peso inexplicable?,¿tiene fiebre?,¿tiene cansancio ?,¿tiene dificultada para respirar?,¿tiene dolor en el pecho?,¿ha tosido sangre?,¿tiene dificultad para respirar?,asociarlo a fumar ,,,,,,,,,,,,
,,,,,,,,,,,,,,,,,,,,
Cáncer testicular,¿tiene perdida de peso inexplicable?,¿tiene fiebre?,¿tiene cansancio ?,¿tiene aumento testicular sin dolor?,¿tiene dolor en el abdomen?,¿ha notado crecimiento de su pecho?,¿tiene dolor en el escroto?,tiene hinchado los testiculos?,,,,,,,,,,,,
Cáncer vesicular,¿tiene perdida de peso inexplicable?,¿tiene fiebre?,¿tiene cansancio ?,¿tiene dolor abdominal de lado derecho?,¿siente plenitud sin comer?,¿tiene tinte amarillo en la piel?,¿tiene tinte amarillo en los ojos?,,,,,,,,,,,,,
Cefalea en racimo,¿le duele la cabeza?,¿siente pulsaciones en la cabeza?,¿el dolor inició subitamente?,¿el dolor es detrás del ojo?,¿tiene uno o ambos ojos rojos ?,,,,,,,,,,,,,,,
Cefalea tensional,¿le duele la cabeza?,¿el dolor es en la parte posterior de la cabeza?,,,,,,,,,,,,,,,,,,
Cervicitis,¿tiene secrecion vaginal?,¿la secrecion es grisacea?,¿la secrecion es verde o amarilla?,¿la secrecion es blanca?,¿tiene sangrado despues de relaciones sexuales?,¿tiene dolor abdominal bajo?,¿tiene problemas para orinar?,,,,,,,,,,,,,
,,,,,,,,,,,,,,,,,,,,
Cirrosis hepática,¿tiene cansancio?,¿tiene tinte amarillo en los ojos ?,¿tiene tinte amarillo su piel?,¿tiene comezon en todo el cuerpo?,¿tiene hinchazon en el abdomen?,¿dsiente agua debajo del abdomen?,¿tiene venas en forma de araña en el abdomen?,¿ha perdido peso?,¿tiene perdida del apetito?,¿ha vomitado sangre?,,,,,,,,,,
Colecistitis,¿siente dolor en la parte derecha de su abdomen?,¿tiene nauseas?,¿tiene vomitos?,¿el dolor aumenta cuando come alimentos grasos?,¿cuándo defeca sale con grasa?,¿tiene tinte amarillo en los ojos ?,¿tiene tinte amarillo su piel?,,,,,,,,,,,,,
,,,,,,,,,,,,,,,,,,,,
,,,,,,,,,,,,,,,,,,,,
Colitis ulcerativa,¿tiene dolor abdominal?,¿tiene diarrea prolongada?,¿tiene fiebre?,¿tiene cansancio?,¿nescesidad de ir al baño sin deposision?,¿tiene aftas bucales?,¿tiene sangrado rectal ?,¿tiene inflamacion intestinal?,,,,,,,,,,,,
Conjuntivitis alérgica,¿tiene enrojecimiento del ojo?,¿tiene comezon en el ojo?,¿tiene lagrimeo en el ojo?,,,,,,,,,,,,,,,,,
Conjuntivitis bacteriana,¿tiene enrojecimiento del ojo?,¿tiene comezon en el ojo?,¿tiene supuracion espesa?,¿tiene comezon en los parpados?,¿tiene hinchazon de los parpados?,,,,,,,,,,,,,,,
Conjuntivitis viral,¿tiene enrojecimiento del ojo?,¿tiene comezon en el ojo?,¿tiene lagrimeo en el ojo?,¿tiene estornudos?,¿tiene escurrimiento nasal?,¿tiene ardor de garganta?,,,,,,,,,,,,,,
Dengue,¿tiene fiebre?,¿tiene  dolor en las articulaciones?,¿tiene arpullido?,¿tiene dolor detrás de los ojos?,¿tiene moretones?,¿tiene sangrado de encias?,¿tiene cansancio?,,,,,,,,,,,,,
zika,¿tiene fiebre?,¿tiene  dolor en las articulaciones?,¿tiene arpullido?,¿tiene dolor detrás de los ojos?,¿tiene cansancio?,,,,,,,,,,,,,,,
chikungunya,¿tiene fiebre?,¿tiene  dolor en las articulaciones?,¿tiene arpullido?,¿tiene dolor detrás de los ojos?,¿tiene cansancio?,,,,,,,,,,,,,,,
,,,,,,,,,,,,,,,,,,,,
Criptorquidia,¿tiene ausencia de un testiculo?,¿siente una masa en el abdomen?,,,,,,,,,,,,,,,,,,
Demencia con cuerpos de lewy,¿tiene problemas de memoria?,¿olvida que dia y año vive?,¿olvida donde se encuentra?,¿olvida que comio?,¿tiene alucinaciones?,¿escucha voces?,¿tiene temblores en las extremidades?,¿tiene rigidez en las extremidades?,,,,,,,,,,,,
,,,,,,,,,,,,,,,,,,,,
,,,,,,,,,,,,,,,,,,,,
Dermatitis atópica,¿tiene salpullido?,¿tiene comezon en el area?,¿tiene asma?,,,,,,,,,,,,,,,,,
,,,,,,,,,,,,,,,,,,,,
Diabetes insípida,¿por lo regular tiene mucha sed?,¿orina muchas veces al dia?,¿se levanta de noche para orinar?,,,,,,,,,,,,,,,,,
Diabetes mellitus tipo 2,¿por lo regular tiene mucha sed?,¿orina muchas veces al dia?,¿ha tenido mucha hambre ultimamente?,¿tiene perdida de peso inexplicable?,,,,,,,,,,,,,,,,
Disección aórtica,¿tiene dolor de pecho repentino?,¿el dolor se desplaza hacia la espalda?,¿tiene manos y pies frios?,(no tiene datos pibote mejor ponerla junto con infarto  doble diagnostico),,,,,,,,,,,,,,,,
,,,,,,,,,,,,,,,,,,,,
,,,,,,,,,,,,,,,,,,,,
Diverticulitis,¿tiene dolor en el abdomen?,¿el dolor se encuentra en la parte baja e izquierda? ,¿ha tenido diarrea?,¿tiene estreñimiento?,¿tiene fiebre? ,¿tiene sangrado rectal?,,,,,,,,,,,,,,
lumbalgia,¿tiene dolor en la parte baja de la espalda?,¿qué tiempo tiene con el dolor?,,,,,,,,,,,,,,,,,,
Dolor pélvico crónico,¿tiene dolor persistente en la parte mas baja del abdomen?,¿qué tiempo tiene con el dolor? >3 semanas ,(ponerlo en todos los dolores abdomen que pasen 3 semanas),,,,,,,,,,,,,,,,,
Embarazo,¿cuándo fua la fecha de su ultima regla?,¿ha tenido cansancio?,¿ha tenido nauseas?,¿tiene los senos mas sensibles?,,,,,,,,,,,,,,,,
Embarazo ectópico roto,¿esta embarazada?,¿tiene dolor abdominal?,¿el dolor fue repentino?,¿tiene sangrado transvaginal?,¿ha tenido infecciones vaginales de repeticion?,¿tiene cirugias previas en la pelvis?,,,,,,,,,,,,,,
Embolia pulmonar,¿tiene dificultad para respiar ?,¿tiene dolor en el pecho?,¿empeora cuando suspira profundo?,¿tiene tos?,¿tose con sangre?,¿todos los sintomas aparecieron repentinamente?,,,,,,,,,,,,,,
Endocarditis  bacteriana,¿tiene fiebre alta?,¿tiene palpitaciones ?,¿tiene dificultad para respirar?,¿tiene cansancio?,¿ha tenido infeccion en la garganta previa?,¿siguio algun tratamiento ?   repuesta negativa,,,,,,,,,,,,,,
Endometriosis,¿tiene dolor al tener relaciones sexuales?,¿tiene dolor cuando tiene su menstruacion?,¿cuándo tiene su menstruacion el sangrado es abundante?,¿tiene estreñimiento o diarrea?,¿tiene sangrados recurrentes por la nariz?,¿es regular en sus ciclos?,,,,,,,,,,,,,,
Enfermedad celíaca,¿tiene diarrea maloliente?,¿ha tenido perdida de peso?,¿tiene dolor en el abdomen?,¿los sintomas se intensifican cuando consume harinas?,,,,,,,,,,,,,,,,
Enfermedad de Crohn,¿tiene dolor abdominal?,¿tiene diarrea prolongada?,¿tiene fiebre?,¿nescesidad de ir al baño sin deposision?,¿tiene aftas bucales?,¿tiene sangrado rectal ?,¿tiene inflamacion intestinal?,¿por cuanto tiempo ah tenido los sintomas ?,,,,,,,,,,,,
Enfermedad de Lyme de diseminación temprana,¿tiene escurrimiento nasal?,¿tiene fiebre?,¿tiene escalofrios?,¿tiene dolor en las articulaciones?,¿tiene sarpullido en forma de tiro al blanco?,,,,,,,,,,,,,,,
enfermedad de lyme tardia,¿tiene dolor en las articulaciones?,"¿tiene hinchazon , adelgazamiento de la piel?",¿tiene dolor de cabeza?,¿tiene perdida del equiilibrio?,¿ha tenido paralisis facial?,¿ha tenido problemas con el lenguaje?,,,,,,,,,,,,,,
,,,,,,,,,,,,,,,,,,,,
Enfermedad de Parkinson,¿tiene temblores en las manos?,¿tiene rigidez de las articulaciones?,¿al realizar un movimiento lo realiza lento?,¿tiene dificultades para dormir?,,,,,,,,,,,,,,,,
Enfermedad del legionarios,¿tiene tos?,dificultad para respirar grave ?,¿tiene dolor en el pecho?,"¿trabaja en un hotel , aguas termales ,hospitales ?",asociar a neumonia de adulto mayor con riesgo laboral,,,,,,,,,,,,,,,
Enfermedad inflamatoria pélvica,¿tiene dolor en el la pelvis?,¿tiene dolor en el abdomen?,¿tiene fiebre?,¿tiene dolor al tener relaciones sexuales ?,¿ha tenido una infeccion vaginal previa?,,,,,,,,,,,,,,,
,,,,,,,,,,,,,,,,,,,,
Enfermedad por reflujo gastroesofágico,¿tiene acidez estomacal?,¿siente que se regresa el liquidodel estomago?,¿tiene ronquera?,¿tiene dificultad para tragar?,¿tiene ardor en el pecho?,¿cuándo come picante se intensifican los sintomas?,,,,,,,,,,,,,,
Enfermedad por úlcera péptica,¿tiene acidez estomacal?,¿tiene dolor en el estomago?,¿tiene ardor en el estomago?,,,,,,,,,,,,,,,,,
,,,,,,,,,,,,,,,,,,,,
Episodio depresivo no especificado,¿tiene animo bajo?,¿tiene dificultad para motivarse ?,¿se cansa facilmente?,¿tiene sentimientos da vacio ?,¿tiene culpa?,¿tiene dificultada para dormir?,¿por cuánto tiempo ah tenido estos sintomas?,,,,,,,,,,,,,
Esclerosis lateral amiotrófica (ELA),¿tiene debilidad en los brazos o piernas?,¿ha notado disminucion de la masa muscular ?,¿tiene dificultad para caminar?,¿se tropieza con facilidad?,¿ha perdido fuerza muscular?,¿la debilidad muscular va en aumento?,,,,,,,,,,,,,,
Esclerosis múltiple,¿ha tenido perdida de la vision?,¿ha tenido dificultad para orinar?,¿tiene cansancio todo el tiempo?,¿siente que el calor o el baño caliente empeoran sus sintomas?,,,,,,,,,,,,,,,,
Esquizofrenia,¿ha escuchado voces ?,¿siente cosas que no son reales?,¿ha visto cosas o peronas que no son reales?,¿se ha aislado ultimamente de la gente?,¿siente que piensa con lentitud?,,,,,,,,,,,,,,,
Faringitis aguda,¿tiene dolor de la garganta?,¿tiene fiebre?,¿tiene dolor de la cabeza?,¿su temperatura es ayor a los 38 grados ?,¿tiene tos?   No ausencia,¿tiene ganglios inflamados?,edad de 3 a 14 años?,mas de 3 de los rojos bacteriana ,,,,,,,,,,,,
Fibromialgia,¿tiene dolor muscular ,¿el dolor ha prevalecido por mas de 3 meses?,¿el dolor esta asociado a actividad fisica?,,,,,,,,,,,,,,,,,
Fibrosis quística,¿tiene infecciones recurrentes respiratorias?,¿tiene dedos de la manos y pies en forma de garrote?,¿espectora frecuentemente?,¿tiene tos con mucha espectoracion?,,,,,,,,,,,,,,,,
Fiebre reumática,¿tiene fiebre?,¿tuvo una infeccion de la garganta sin tratamiento?,¿tiene dolor en las articulaciones?,¿ha perdido apetito?,¿tiene dolor en el pecho?,¿tiene sarpullido en el tronco?,,,,,,,,,,,,,,
Fisura anal,¿al defecar le causa dolor?,¿al limpiarse tiene sangre el papel?,¿sufre de estreñimiento?,¿tiene una pequeña lesion en el ano?,,,,,,,,,,,,,,,,
Gastritis aguda,¿siente ardor en el pecho?,¿tiene ardor en el estomago?,¿tiene acidez en el estomago?,,,,,,,,,,,,,,,,,
Gastritis crónica,¿siente ardor en el pecho?,¿tiene ardor en el estomago?,¿tiene acidez en el estomago?,¿los sintomas han perdurado por varios meses?,,,,,,,,,,,,,,,,
Gota,¿tiene dolor de las articulaciones ?,¿la articulacion afectada se siente caliente?,¿siente dificultad para mover la articulacion afectada?,¿siente piedrecillas dentro de la articulacion afectada?,¿el dolor se desencadena despues de comer carnes?,,,,,,,,,,,,,,,
Glaucoma de ángulo cerrado,¿tiene ojo rojo repentino?,¿tiene dolor en el ojo ?,¿tiene dolor de cabeza?,¿tiene disminucion de la vision?,,,,,,,,,,,,,,,,
Glomerulonefritis postestreptocócica,¿tuvo una infeccion de la garganta no tratada?,¿su orina es de color rojo?,¿ha orinado poco?,¿tiene hinchazon de pies o brazos?,¿tiene fiebre?,¿tiene dolor de cabeza?,¿su orina es espumosa?,,,,,,,,,,,,,
Hemofilia,¿tiene sangrados espontaneos?,¿tiene moretones en su cuerpo inexplicables?,¿al cortarse tarda mucho en cicatrizar?,,,,,,,,,,,,,,,,,
Hemorragia gastrointestinal inferior,¿tiene sangrado rojo brillante a traves del ano?,¿cuándo defeca sus heces tienen sangre?,¿tiene dolor abdominal?,,,,,,,,,,,,,,,,,
Hemorragia gastrointestinal superior,¿tiene vomitos  color café?,¿sus heces son color negro oscuro?,¿tiene dolor abdominal?,,,,,,,,,,,,,,,,,
Hemorragia subaracnoidea,¿tiene dolor de cabeza?,¿el dolor es repentino y es el peor dolor de cabeza que ha tenido?,¿tiene mareo?,¿tiene rigidez en la nuca?,¿se siente confundido?,¿siente que pierde el conocimiento?,,,,,,,,,,,,,,
Hemorroides,¿expulsa sangre brillante cuando defeca?,¿tiene dolor alrededor del ano?,¿siente un bulto en el ano?,¿tiene comezon alrededor del ano?,,,,,,,,,,,,,,,,
Hernia inguinal,¿tiene un bulto en la zona de la ingle o en el escroto?,,,,,,,,,,,,,,,,,,,
,,,,,,,,,,,,,,,,,,,,
Herpes genital,¿tiene picazon en el area genital?,¿tiene dolor en la zona genital?,¿tiene pequeñas ampollas en el area genital?,¿tiene inflamacion de los ganglios de la ingle?,,,,,,,,,,,,,,,,
Herpes labial,¿tiene picazon alrededor de la boca?,¿tiene dolor alrededor de la boca?,¿tiene pequeñas ampollas alrededor de la boca?,,,,,,,,,,,,,,,,,
Herpes zóster ocular,¿tiene el ojo rojo?,¿tiene comezon en el ojo?,¿tiene fiebre?,¿tiene dolor en el ojo?,¿tiene ampollas en los parpados?,,,,,,,,,,,,,,,
Hiperplasia prostática benigna,¿diene dificultad para orinar?,¿se moja los pies cuando orina?,¿ha tenido retencion urinaria alguna vez?,¿se levanta en la noche a orinar?,,,,,,,,,,,,,,,,
Hipertensión esencial,¿tiene dolor de cabeza?,¿tiene mareo?,¿escucha zumbidos?,,,,,,,,,,,,,,,,,
Hipoglucemia,¿tiene cansancio?,¿tiene mareos?,¿tiene nauseas?,¿tiene dolor de cabeza ?,¿tiene hambre?,,,,,,,,,,,,,,,
Hipotiroidismo ,¿tiene cansancio?,¿tiene el pelo seco ?,¿tiene uñas quebradizas?,¿tiene frio todo el tiempo?,¿ha notado si su voz es mas grave?,¿ha aumentado de peso ?,,,,,,,,,,,,,,
Impétigo,¿tiene ronchas pequeñas en la piel ?,¿cuándo se rompen dejan costra color miel?,,,,,,,,,,,,,,,,,,
Infarto de miocardio,¿siente presion en el pecho?,¿siente dificultad para respirar grave?,"¿tiene dolor en el brazo izquierdo ,mandibula o espalda?",¿esta sudando frio?,¿siente dolor en el pecho severo?,¿siente que pierde el conocimiento?,,,,,,,,,,,,,,
,,,,,,,,,,,,,,,,,,,,
Infección aguda por HIV,¿tiene sintomas parecidos a gripe?,¿tiene fiebre?,¿tiene cansancio?,¿tiene dolor de cabeza?,¿tiene ardor de garganta?,¿ah tenido perdida de peso inexplicable?,¿tiene diarrea?,¿ha tenido relaciones sexuales sin proteccion?,,,,,,,,,,,,
Infección de las vías urinarias,¿tiene  ardor al orinar?,¿tiene dolor en el pubis?,¿el olor de la orina es muy fuerte?,¿orina con sangre?,,,,,,,,,,,,,,,,
Infección del nuevo coronavirus (2019-nCoV),¿tiene tos?,¿tiene dolor de garganta?,¿tiene dificultad para respirar?,¿ha tenido contacto con alguna persona que venga de china?,¿ha viajado recientemente a china?,,,,,,,,,,,,,,,
Infección del tracto genital por clamidia,¿ha tenido relaciones sexuales sin proteccion?,¿tiene secrecion por el pene o vagina e color amarillo?,¿tiene ardor al orinar?,¿tiene comezon en el area genital?,¿tiene dolor en la pelvis?,,,,,,,,,,,,,,,
,,,,,,,,,,,,,,,,,,,,
Infección por citomegalovirus,¿tiene fiebre?,¿tiene fatiga?,¿tiene dolor muscular?,¿tiene aftas en la boca ?,asociarlo a personas inmunocomprometidas en lahistoria clinica,"(diabetes vih,cancer,enfermedad renal cronica,adultos mayores",,,,,,,,,,,,,,
Infección por gonorrea,¿ha tenido relaciones sexuales sin proteccion?,¿tiene secrecion blanquesina por el pene o vagina?,solo preguntar a hombre ¿siente solor al eyacular?,solo preguntar a mujeres ¿tiene sangrado transvaginal?,,,,,,,,,,,,,,,,
Infección por herpes zóster,¿tiene erupcion o ampollas en la piel que duelen?,¿las ampollas siguen el trayecto de las costillas?,¿tiene fiebre ?,¿tiene dolor de cabeza?,¿tiene sensacion de quemazon en las ampollas?,,,,,,,,,,,,,,,
Infección por poliovirus,¿tiene todas sus vacunas?,¿esta vacunado contra la poliomelitis vacuna sabin?,¿tiene escurrimiento nasal?,¿tiene dolor de cabeza?,¿tiene ardor de garganta?,¿tiene debilidad en los brazos?,¿tiene debilidad en las piernas?,¿tiene dificultad de mover sus piernas o brazos ?,¿ha perdido masas muscular?,,,,,,,,,,,
Influenza,¿tiene fiebre?,¿tiene escurrimiento nasal?,¿tiene dificultad para respirar?,¿siente el cuerpo cortado?,¿tiene dolor de cabeza?,¿esta vacunado contra la influenza? No,¿tiene tos? ,¿el comienzo de los sintomas fue gradual/ repentino?,¿tien estornudos? No,¿,,,,,,,,,,
,,,,,,,,,,,,,,,,,,,,
Insuficiencia cardíaca aguda,¿tiene fatiga?,¿tiene dificultada para respirar?,¿tiene dolor u opresion en el pecho ?,¿las venas de su cuello se ven palpitar?,¿por cuánto tiempo ha tenido estos sintomas? Ahora/unos meses,,,,,,,,,,,,,,,
Insuficiencia cardíaca crónica,¿tiene fatiga?,¿tiene dificultada para respirar?,¿tiene dolor u opresion en el pecho ?,¿tiene hinchazon de los pies?,¿estos sintomas aparecen despues de realizar ejercicio?   Grado iia,¿los sintomas aparecen despues de realizar actividades cotidianas ?  G iiiai,¿los sintomas aparecen con el reposo?  G iv a,"(las ultimas preguntas determinan el grado   3a,4a )",,,,,,,,,,,,
Insuficiencia renal crónica,¿tiene hinchazon de las extremidades?,¿tiene fatiga?,¿tiene orina espumosa?,¿ah perdido peso?,¿tiene calambres musculares?,¿tiene la piel reseca y con polvo blanqucino ?,,,,,,,,,,,,,,
,,,,,,,,,,,,,,,,,,,,
Laringitis aguda,¿tiene fiebre?,¿tiene ronquera?,¿tiene la garganta seca?,¿tiene tificultad para respirar?,¿tiene tos constante?,¿los sintomas han perdurado por mas de 3 meses? no,,,,,,,,,,,,,,
Laringitis crónica,,¿tiene ronquera?,¿tiene la garganta seca?,¿tiene tificultad para respirar?,¿tiene tos constante?,¿los sintomas han perdurado por mas de 3 meses? Si,,,,,,,,,,,,,,
,,,,,,,,,,,,,,,,,,,,
Lupus eritematoso sistémico,¿tiene dolor o hinchazon en las articulaciones?,¿tiene fiebre?,¿tiene erupciones en las mejillas como ala de mariposa?,¿tiene caida del cabello?,¿tiene mucha sensibilidad a la luz?,¿tiene aftas en la boca?,¿tiene orina espumosa?,,,,,,,,,,,,,
,,,,,,,,,,,,,,,,,,,,
Meningitis bacteriana,¿tiene rigidez en la nuca?,¿tiene dolor de cabeza?,¿tiene nauseas ?,¿tiene vomitos en proyectil?(expulsados muy fuerte),¿tiene sensibilidad a la luz?,¿tiene sarpullido color morado por todo el cuerpo? (menincococcemia),¿tiene fiebre?,,,,,,,,,,,,,
Meningitis viral,¿tiene rigidez en la nuca?,¿tiene dolor de cabeza?,¿tiene nauseas ?,¿tiene vomitos en proyectil?(expulsados muy fuerte),¿tiene sensibilidad a la luz?,¿tiene fiebre?,,,,,,,,,,,,,,
Miastenia gravis,¿tiene devilidad muscular ?,¿empeora a lo largo del dia?,¿empeora con la actividad física?,¿siente que se le cae el parpado?,¿tiene vision borrosa ?,¿tiene vision doble?,¿tiene dificultad para respirar?,¿tiene dificultad para toser?,,,,,,,,,,,,
Mieloma múltiple,¿tiene perdida de peso inexplicable?,¿tiene fiebre?,¿tiene cansancio ?,¿ha tenido fracturas recurrentes?,¿tiene problemas renales ?,¿tiene orina espumosa?,¿tiene dolores en los huesos?,¿ha tenido infecciones recurrentes?,¿siente bultos en el abdomen?,,,,,,,,,,,
Migraña,¿tiene dolor de cabeza muy fuerte?,¿ell dolor es se un lugar de la cabeza?,¿tiene nauseas?,¿tiene vomito?,¿tiene sensibilidad a la luz?,¿tiene sensibilidad a sonidos fuertes?,¿puede identificar momentos antes de inicio del dolor de cabeza?,,,,,,,,,,,,,
Miocarditis,¿tiene fatiga?,¿tiene dificultada para respirar?,¿tiene dolor u opresion en el pecho ?,¿las venas de su cuello se ven palpitar?,,,,,,,,,,,,,,,,
Nefrolitiasis,¿tiene dolor en la espalda media?,¿tiene dolor en los costados?,¿el dolor es de tipo colico?,¿tiene sangre en la orina?,¿tiene dificultad para orinar?,,,,,,,,,,,,,,,
Neumonía,¿tiene dificultad para respirar severa ?,¿tiene fiebre alta?,¿tiene tos?,¿tiene silvidos cuando respira?,¿tuvo previamente gripa?,¿espectora cuando tose?,asociarlo a fumar ,,,,,,,,,,,,,
,,,,,,,,,,,,,,,,,,,,
Neumotórax,¿tiene dolor en el pecho?,¿empeora con la inspiracion?,¿el dolor es de un solo lado?,¿los sintomas  fueron subitos?,¿tiene dificultad para respirar grave?,,,,,,,,,,,,,,,
Neuralgia del trigémino,¿tiene un dolor en la cara muy fuerte?,"¿el dolor es en la mandibula ,barbilla o menton?",¿siente como una descarga electrica?,¿los sintomas aparecen de repente?,,,,,,,,,,,,,,,,
,,,,,,,,,,,,,,,,,,,,
Otitis externa,¿tiene secrecion en el oido?,¿tiene dolor en el oido?,¿tiene comezon en el oido?,¿el dolor se corre a la mandibula?,¿tiene disminucion de la audicion?,¿practica natacion?,,,,,,,,,,,,,,
Otitis media aguda,¿tiene secrecion en el oido?,¿tiene dolor en el oido?,¿tiene comezon en el oido?,¿el dolor se corre a la mandibula?,¿tiene disminucion de la audicion?,¿tiene fiebre?,¿tiene dolor de cabeza?,,,,,,,,,,,,,
,,,,,,,,,,,,,,,,,,,,
Pancreatitis aguda,¿tiene dolor en el abdomen superior?,¿el dolor se corre hacia la espalda?,¿el dolor aumenta  al comer?,¿tiene nauseas ?,¿tiene diarrea con grasas?,¿aparecio un moreton alrededor del ombligo?,¿aparecio un moreton en un costado?,,,,,,,,,,,,,
parotiditis,¿tiene un aumento de volumen en las parotidas?,¿tiene un aumento de volumen debajo de la mandibula?,¿tiene fiebre?,¿tiene dolor de cabeza?,¿tiene inflamacion de los testiculos?,¿tiene dolor de cabeza?,,,,,,,,,,,,,,
Pielonefritis aguda,¿tiene  ardor al orinar?,¿tiene dolor en la espalda media?,¿el olor de la orina es muy fuerte?,¿orina con sangre?,¿tiene fiebre ?,¿tiene escalofrios?,¿tiene dolor en la espalda o en el costado?,,,,,,,,,,,,,
,,,,,,,,,,,,,,,,,,,,
Polimialgia reumática,¿tiene dolor en las articulaciones?,¿el dolor es en los hombros?,¿tiene rigidez de las articulaciones?,¿el dolor es mas intenso en la mañana ?,,,,,,,,,,,,,,,,
Preeclampsia,¿esta embarazada?,¿el embarazo tiene mas de 20 semanas de gestacion(5meses y medio)?,¿tiene dolor en el abdomen?,¿tiene dolor de cabeza?,¿tiene hinchazon de pies?,¿tiene orina espumosa?,tener dato de hipertension ( nescesario),,,,,,,,,,,,,
Prostatitis bacteriana,¿tiene dolor al eyacular?,¿tiene sangre en las eyaculaciones?,¿tiene dificultad para orinar?,¿orina en pequeñas cantidades?,¿tiene fiebre?,¿tiene escalofrios?,,,,,,,,,,,,,,
Prostatitis no bacteriana,¿tiene dolor al eyacular?,¿tiene sangre en las eyaculaciones?,¿tiene dificultad para orinar?,¿orina en pequeñas cantidades?,,,,,,,,,,,,,,,,
Queratoconjuntivitis seca,¿tiene sensaion de arena en los ojos?,¿tiene el ojo rojo?,¿tiene vision borrosa?,¿tiene vision borrosa?,,,,,,,,,,,,,,,,
,,,,,,,,,,,,,,,,,,,,
Resfriado común,¿tiene fiebre?,¿tiene escurrimiento nasal?,¿tiene dificultad para respirar?  leve,¿siente el cuerpo cortado?,¿tiene dolor de cabeza?,¿esta vacunado contra la influenza? No,¿tiene tos? Si,¿el comienzo de los sintomas fue gradual/ repentino?,¿tien estornudos?,,,,,,,,,,,
"Retinopatía hipertensiva, fondo hipertónico",¿tiene vision borrosa?,¿tiene vision doble?,¿ha tenido perdida de la vision?,relacionar con hipertension,,,,,,,,,,,,,,,,
,,,,,,,,,,,,,,,,,,,,
Rinitis alérgica,¿tiene escurrimiento nasal?,¿tiene estornudos repetitivos?,¿tiene voz nasal?,¿tiene lagrimeo?,¿tiene los ojos rojos?,¿ya ha presentado estos sintomas previamente?,¿los sintomas aparecen al respirar polvo o polen?,,,,,,,,,,,,,
,,,,,,,,,,,,,,,,,,,,
,,,,,,,,,,,,,,,,,,,,
,,,,,,,,,,,,,,,,,,,,
Sarampión,¿ tiene estornudos ?,¿tiene escurrimiento nasal?,¿tiene fiebre ?,¿tiene ojos rojos ?,¿tiene un pequeño puntilleo en la parte interior de las mejillas ?,¿aparecio un sarpullido inicialmente en la cabeza y despues en el cuerpo?,,,,,,,,,,,,,,
Sarna,¿tiene comezon persistente?,¿la comezon aumenta por las noches?,¿tiene sarpullido ?,¿el sarpullido tiene surcos?,,,,,,,,,,,,,,,,
,,,,,,,,,,,,,,,,,,,,
Senos fibroquísticos,¿tiene bultos en los senos?,¿los bultos son moviles?,¿se encuentran cerca de la axila?,¿duelen cuando se encuentra en su ciclo menstrual?,,,,,,,,,,,,,,,,
Septicemia,¿tiene fiebre?,¿tiene sensacion de frio?,¿tiene palpitaciones?,¿tiene palidez en los dedos ?,¿tiene una infeccion en algun sitio del cuerpo?,¿sintomas repentinos?,,,,,,,,,,,,,,
Sífilis primaria,¿tiene una llaga en el pene que no provoca dolor ?,¿tiene hinchazon de los ganglios de la pierna?,¿tuvo relaciones sexuales sin proteccion?,,,,,,,,,,,,,,,,,
Sífilis secundaria,¿tuvo una llaga en el pene que no provoca dolor y desaparecio ?,¿tiene fiebre?,¿tiene dolor articular?,¿tiene sarpullido en el cuerpo en especial en planta de manos y los pies?,,,,,,,,,,,,,,,,
,,,,,,,,,,,,,,,,,,,,
Síndrome de colon irritable,¿tiene dolor abdominal?,¿tiene retencion de liquidos?,¿tiene estreñimiento?,¿tiene diarreas frecuentes?,¿retiene gases?,¿los sintomas empeoran con el estrés?,,,,,,,,,,,,,,
Síndrome de Cushing,¿sufre de obesidad?,¿tiene la cara en forma de luna llena?,¿tiene la presion alta?,¿tiene exeso de acne?,¿tiene exeso de vello?,¿tiene acumulacion de gradsa en la espalda(giba)?,¿tiene disfuncion erectil?(hombres),¿tiene ausencia de menstruacion?(mujeres),¿ha estado expuesto tratamiento de esteroides prolongado? Si,,,,,,,,,,,
enfermedad de cushing,¿sufre de obesidad?,¿tiene la cara en forma de luna llena?,¿tiene la presion alta?,¿tiene exeso de acne?,¿tiene exeso de vello?,¿tiene acumulacion de gradsa en la espalda(giba)?,¿tiene disfuncion erectil?(hombres),¿tiene ausencia de menstruacion?(mujeres),¿ha estado expuesto tratamiento de esteroides prolongado? No,,,,,,,,,,,
Síndrome del ovario poliquístico,¿sufre de obesidad?,¿tiene aumento de vello?,¿tiene acne?,¿sus ciclos menstruales son regulares?,¿tiene exeso de vello?,,,,,,,,,,,,,,,
Síndrome del túnel carpiano,¿tiene dolor en la palma de la mano?,¿tiene poca sensibilidad en la palma de la mano?,¿tiene entumesimiento de la palama de la mano?,¿siente calambres en la palama de las manos?,"_(realcionar con profesion secretaria , o informaticos)",,,,,,,,,,,,,,,
Síndrome nefrítico,¿tiene sangrado al orinar ?,¿orina poco?,¿tiene hinchazon en pies o cara?,¿tiene la presion alta?,,,,,,,,,,,,,,,,
Síndrome nefrótico,¿tiene orina espumosa?,¿tiene hinchazon de los pies o cara?,¿orina poco?,,,,,,,,,,,,,,,,,
,,,,,,,,,,,,,,,,,,,,
Sinusitis bacteriana,¿tiene obstruccion nasal?,¿tiene dolor de cabeza?,¿cuándo se agacha el dolor de cabeza aumenta?,¿tiene tos?,¿tiene escurrimiento nasal?,¿los sintomas tienen mas de 10 dias ?si,¿la descarga nasal es fetida?,,,,,,,,,,,,,
Sinusitis viral,¿tiene obstruccion nasal?,¿tiene dolor de cabeza?,¿cuándo se agacha el dolor de cabeza aumenta?,¿tiene tos?,¿tiene escurrimiento nasal?,¿los sintomas tienen mas de 10 dias ?no,,,,,,,,,,,,,,
,,,,,,,,,,,,,,,,,,,,
,,,,,,,,,,,,,,,,,,,,
Tendinitis del tendón de Aquiles,¿tiene dolor en la parte posterior del pie?,¿tiene rigidez del tobillo?,¿practica algun deporte?,¿tiene dolor al extender el pie?,,,,,,,,,,,,,,,,
tetanos,¿tiene rigidez muscular ?,¿tiene fiebre?,¿tiene dificultad para respirar?,¿tiene perdida de control de esfinteres?,¿tiene espasmos musculares en todo el cuerpo?,¿tiene dificultad para tragar?,¿tiene babeo excesivo?,¿tiene todas sus vacunas?,¿est vacunado contra el tetanos?,,,,,,,,,,,
,,,,,,,,,,,,,,,,,,,,
epididimitis,¿tiene dolor en los testiculos?,¿el dolor inicio de repente?,¿tiene nauseas ?,¿tiene vomito?,¿si elevas los testiculos calma el dolor? Si,,,,,,,,,,,,,,,
Torsión testicular,¿tiene dolor en los testiculos?,¿el dolor inicio de repente?,¿tiene nauseas ?,¿tiene vomito?,¿si elevas los testiculos calma el dolor? No,,,,,,,,,,,,,,,
Tos ferina,¿tiene escurrimiento nasal?,¿tiene fiebre?,¿tiene tos en accesos que no para?,¿el terminar el acceso de tos se escucha un silvido?,¿tiene todas sus vacunas?,¿se aplico la vacuna pentavalente y dpt?,,,,,,,,,,,,,,
Trabajo de parto prematuro,¿esta embarazada?,¿el embarazo tiene mas de 20 semanas de gestacion(5meses y medio)?,¿tiene menos de 37 semnas de gestacion(7 meses)?,¿tiene contracciones uterinas regulares?,¿tiene salida de liquido por la vagina?,,,,,,,,,,,,,,,
Trastorno afectivo bipolar,¿siente poca energia?,¿siente animo decaido?,¿tiene tristeza inexplicable?,¿se siente lleno de energia?,¿se siente euforico?,¿duerme pocas horas y no tiene sueño?,solo si tiene todos los sintomas ,,,,,,,,,,,,,
Trastorno de ansiedad generalizada,¿siente ansiedad todo el tiempo?,¿se le es dificil controlar esa ansiedad?,¿ tiene problemas para concentrarse?,,,,,,,,,,,,,,,,,
,,,,,,,,,,,,,,,,,,,,
,,,,,,,,,,,,,,,,,,,,
Trastorno obsesivo-compulsivo,¿tiene impulsos que no puede parar aun que afecten a su vida diaria?,¿tiene comportamientos repetitivos que no puede parar?,¿siente ansiedad si no realiza sus rituales diarios?,¿es molesto para usted los actos repetitivos?,,,,,,,,,,,,,,,,
,,,,,,,,,,,,,,,,,,,,
Trastorno por estrés postraumático,"¿ah sido expuesto a muerte ,violencia fisica o sexualo alguna lesion?",¿tiene pensamientos recurrentes del suceso ?,¿tiene sueños angustiosos relacionados al evento?,¿tiene escenas retrosprectivas del suceso?,¿evita escenarios que le hagan recordar el evento?,,,,,,,,,,,,,,,
,,,,,,,,,,,,,,,,,,,,
,,,,,,,,,,,,,,,,,,,,
Úlcera por presión,¿experimenta postracion en cama?,presenta llagas en las areas que estan en contacto prolongado con la cama?,¿siente dolor en la zona afectada?,,,,,,,,,,,,,,,,,
Vaginitis bacteriana,¿tiene secrecion grisacea de la vagina?,¿la vagina expide un mal olor?,¿tiene comezon en la vagina?,¿tiene hinchazon de la vulva?,,,,,,,,,,,,,,,,
,,,,,,,,,,,,,,,,,,,,
,,,,,,,,,,,,,,,,,,,,
Verrugas genitales,¿tiene pequeños bultos carnosos en el area genital?,¿ha tenido relaciones sexuales sin proteccion?,¿los bultos tienen forma de coliflor?,,,,,,,,,,,,,,,,,
Vértigo postural paroxístico benigno,¿siente mareos?,¿los mareos son cuando se levanta rapidamente?,,,,,,,,,,,,,,,,,,
Vulvovaginitis por candida,¿tiene secrecion blanquecina por la vagina?,¿tiene dolor en la vagina?,¿tiene ardor en la vagina?,¿tiene molestias para orinar?,,,,,,,,,,,,,,,,
Vulvovaginitis por trichomonas,¿tiene secrecion vaginal color verduzco?,¿tiene mal olor en la vagina como pezcado?,¿tiene picazon en la vagina?,¿tiene molestias para orinar?,,,,,,,,,,,,,,,,